normal_len_mean,normal_len_std,attack_len_mean,attack_len_std,tot_len_mean,tot_len_std,normal_count,abnormal_count,tot_count,Type
829.8864903502501,687.1963428589431,54.000211550666386,0.02908879357852348,642.6809246415834,684.4716988823415,75632,,313462,ackflooding
829.8864903502501,687.1963428589431,60.01223241590214,8.082516161034475,797.4412269325879,690.1201394025267,10464,,248294,httpflooding
829.8864903502501,687.1963428589431,73.00268834195036,4.018754037641407,224.63907257432732,431.74088678420264,949284,,1187114,udpflooding
829.8853258135001,687.1965653031647,71.4845366101947,6.5409187786096386,380.8909068245132,575.8536728056213,1035381,,1748872,total
