normal_len_mean,normal_len_std,attack_len_mean,attack_len_std,tot_len_mean,tot_len_std,normal_count,abnormal_count,tot_count,Type
829.8864903502501,687.1963428589431,54.000211550666386,0.02908879357852348,642.6809246415834,684.4716988823415,237830,75632,313462,ackflooding
829.8864903502501,687.1963428589431,60.01223241590214,8.082516161034475,797.4412269325879,690.1201394025267,237830,10464,248294,httpflooding
829.8864903502501,687.1963428589431,73.00268834195036,4.018754037641407,224.63907257432732,431.74088678420264,237830,949284,1187114,udpflooding
829.8864903502501,687.1963428589431,71.48331627035485,6.421973220323227,380.89057963141914,575.8534777143572,713490,1035380,1748870,total
